rank,file,t_sec,score,U,A,D,n_boxes,n_ambiguous,empty,selected
1,frame_0000.jpg,0.0,0.8734,0.7468,1.0,1.0,5,5,False,True
2,frame_0074.jpg,29.6,0.8123,0.6247,1.0,1.0,5,5,False,True
3,frame_0077.jpg,30.8,0.7356,0.6392,0.8,0.88,5,4,False,False
4,frame_0072.jpg,28.8,0.7297,0.5795,0.8,1.0,6,4,False,False
5,frame_0005.jpg,2.0,0.723,0.566,0.8,1.0,4,4,False,True
6,frame_0012.jpg,4.8,0.7,0.0,0.0,1.0,0,0,True,True
7,frame_0284.jpg,113.6,0.6949,0.6858,0.8,0.56,4,4,False,True
8,frame_0008.jpg,3.2,0.6908,0.6217,0.6,1.0,3,3,False,False
9,frame_0076.jpg,30.4,0.6813,0.5146,0.8,0.92,4,4,False,False
10,frame_0033.jpg,13.2,0.68,0.4799,0.8,1.0,5,4,False,True
11,frame_0280.jpg,112.0,0.6766,0.5933,1.0,0.4,5,5,False,False
12,frame_0384.jpg,153.6,0.6721,0.6802,1.0,0.16,8,5,False,True
13,frame_0397.jpg,158.8,0.6684,0.6568,1.0,0.2,5,5,False,True
14,frame_0075.jpg,30.0,0.662,0.46,0.8,0.96,5,4,False,False
15,frame_0387.jpg,154.8,0.6564,0.6328,1.0,0.2,9,5,False,False
16,frame_0375.jpg,150.0,0.6553,0.7506,0.8,0.2,8,4,False,True
17,frame_0206.jpg,82.4,0.652,0.0,0.0,0.76,0,0,True,True
18,frame_0001.jpg,0.4,0.6368,0.6336,0.4,1.0,5,2,False,False
19,frame_0119.jpg,47.6,0.6361,0.9602,0.2,0.48,1,1,False,True
20,frame_0204.jpg,81.6,0.636,0.0,0.0,0.68,0,0,True,False
21,frame_0374.jpg,149.6,0.6331,0.5861,1.0,0.2,6,5,False,False
22,frame_0130.jpg,52.0,0.6327,0.5374,0.6,0.92,4,3,False,True
23,frame_0389.jpg,155.6,0.6155,0.583,1.0,0.12,6,5,False,False
24,frame_0002.jpg,0.8,0.6131,0.3462,0.8,1.0,5,4,False,False
25,frame_0213.jpg,85.2,0.612,0.0,0.0,0.56,0,0,True,False
26,frame_0278.jpg,111.2,0.611,0.6139,0.8,0.32,7,4,False,False
27,frame_0032.jpg,12.8,0.6094,0.4587,0.6,1.0,3,3,False,False
28,frame_0129.jpg,51.6,0.6091,0.5063,0.6,0.88,5,3,False,False
29,frame_0277.jpg,110.8,0.6048,0.4976,1.0,0.28,6,5,False,False
30,frame_0287.jpg,114.8,0.6038,0.5757,0.6,0.68,4,3,False,False
31,frame_0018.jpg,7.2,0.5992,0.4383,0.6,1.0,3,3,False,False
32,frame_0071.jpg,28.4,0.5984,0.4369,0.6,1.0,4,3,False,False
33,frame_0124.jpg,49.6,0.5971,0.5622,0.6,0.68,6,3,False,False
34,frame_0199.jpg,79.6,0.596,0.0,0.0,0.48,0,0,True,False
35,frame_0006.jpg,2.4,0.5959,0.5518,0.4,1.0,2,2,False,False
36,frame_0082.jpg,32.8,0.5959,0.6799,0.4,0.68,2,2,False,False
37,frame_0291.jpg,116.4,0.5929,0.3699,0.8,0.84,5,4,False,False
38,frame_0276.jpg,110.4,0.5871,0.5982,0.8,0.24,7,4,False,False
39,frame_0294.jpg,117.6,0.5835,0.5189,0.6,0.72,5,3,False,False
40,frame_0388.jpg,155.2,0.582,0.6201,0.8,0.16,7,4,False,False
41,frame_0197.jpg,78.8,0.58,0.0,0.0,0.4,0,0,True,False
42,frame_0386.jpg,154.4,0.5777,0.4595,1.0,0.24,7,5,False,False
43,frame_0003.jpg,1.2,0.575,0.39,0.6,1.0,4,3,False,False
44,frame_0122.jpg,48.8,0.5728,0.6656,0.4,0.6,3,2,False,False
45,frame_0073.jpg,29.2,0.571,0.382,0.6,1.0,5,3,False,False
46,frame_0173.jpg,69.2,0.5646,0.5052,0.8,0.36,5,4,False,False
47,frame_0398.jpg,159.2,0.5646,0.5532,0.8,0.24,5,4,False,False
48,frame_0030.jpg,12.0,0.563,0.3659,0.6,1.0,4,3,False,False
49,frame_0396.jpg,158.4,0.5607,0.4574,1.0,0.16,5,5,False,False
50,frame_0377.jpg,150.8,0.5598,0.5917,0.8,0.12,5,4,False,False
51,frame_0169.jpg,67.6,0.5567,0.5454,0.6,0.52,6,3,False,False
52,frame_0289.jpg,115.6,0.5543,0.4445,0.6,0.76,4,3,False,False
53,frame_0285.jpg,114.0,0.5531,0.5061,0.6,0.6,4,3,False,False
54,frame_0086.jpg,34.4,0.5517,0.7754,0.2,0.52,1,1,False,False
55,frame_0371.jpg,148.4,0.5515,0.4711,1.0,0.08,6,5,False,False
56,frame_0085.jpg,34.0,0.5503,0.6365,0.4,0.56,2,2,False,False
57,frame_0175.jpg,70.0,0.5488,0.7455,0.4,0.28,2,2,False,False
58,frame_0302.jpg,120.8,0.5474,0.5747,0.6,0.4,3,3,False,False
59,frame_0128.jpg,51.2,0.5461,0.6361,0.2,0.84,3,1,False,False
60,frame_0222.jpg,88.8,0.54,0.0,0.0,0.2,0,0,True,False
61,frame_0290.jpg,116.0,0.5391,0.5181,0.4,0.8,3,2,False,False
62,frame_0125.jpg,50.0,0.539,0.4299,0.6,0.72,5,3,False,False
63,frame_0233.jpg,93.2,0.5366,0.7372,0.4,0.24,3,2,False,False
64,frame_0292.jpg,116.8,0.5358,0.3916,0.6,0.8,6,3,False,False
65,frame_0097.jpg,38.8,0.5351,0.5582,0.8,0.08,4,4,False,False
66,frame_0368.jpg,147.2,0.5335,0.571,0.8,0.04,7,4,False,False
67,frame_0127.jpg,50.8,0.5334,0.5068,0.4,0.8,3,2,False,False
68,frame_0092.jpg,36.8,0.5331,0.8342,0.2,0.28,1,1,False,False
69,frame_0281.jpg,112.4,0.5314,0.5269,0.6,0.44,4,3,False,False
70,frame_0069.jpg,27.6,0.5291,0.2982,0.6,1.0,4,3,False,False
71,frame_0174.jpg,69.6,0.5291,0.6902,0.4,0.32,2,2,False,False
72,frame_0017.jpg,6.8,0.5267,0.4133,0.4,1.0,3,2,False,False
73,frame_0015.jpg,6.0,0.5249,0.4098,0.4,1.0,4,2,False,False
74,frame_0132.jpg,52.8,0.5234,0.4069,0.4,1.0,3,2,False,False
75,frame_0078.jpg,31.2,0.5219,0.4677,0.4,0.84,4,2,False,False
76,frame_0299.jpg,119.6,0.5219,0.4757,0.6,0.52,4,3,False,False
77,frame_0170.jpg,68.0,0.5217,0.4915,0.6,0.48,4,3,False,False
78,frame_0286.jpg,114.4,0.5133,0.5306,0.4,0.64,4,2,False,False
79,frame_0167.jpg,66.8,0.5132,0.4265,0.6,0.6,4,3,False,False
80,frame_0300.jpg,120.0,0.5121,0.4722,0.6,0.48,3,3,False,False
81,frame_0009.jpg,3.6,0.5105,0.3809,0.4,1.0,2,2,False,False
82,frame_0293.jpg,117.2,0.5041,0.4642,0.4,0.76,4,2,False,False
83,frame_0014.jpg,5.6,0.504,0.4881,0.2,1.0,2,1,False,False
84,frame_0016.jpg,6.4,0.503,0.3661,0.4,1.0,4,2,False,False
85,frame_0390.jpg,156.0,0.4999,0.4877,0.8,0.08,5,4,False,False
86,frame_0282.jpg,112.8,0.4998,0.5675,0.4,0.48,3,2,False,False
87,frame_0295.jpg,118.0,0.4997,0.4873,0.4,0.68,4,2,False,False
88,frame_0067.jpg,26.8,0.4991,0.3582,0.4,1.0,5,2,False,False
89,frame_0385.jpg,154.0,0.4945,0.5489,0.6,0.2,4,3,False,False
90,frame_0029.jpg,11.6,0.4927,0.3455,0.4,1.0,3,2,False,False
91,frame_0288.jpg,115.2,0.492,0.456,0.4,0.72,5,2,False,False
92,frame_0168.jpg,67.2,0.4915,0.519,0.4,0.56,5,2,False,False
93,frame_0376.jpg,150.4,0.491,0.558,0.6,0.16,6,3,False,False
94,frame_0303.jpg,121.2,0.4905,0.597,0.4,0.36,3,2,False,False
95,frame_0087.jpg,34.8,0.4868,0.6615,0.2,0.48,3,1,False,False
96,frame_0323.jpg,129.2,0.4835,0.679,0.4,0.12,2,2,False,False
97,frame_0306.jpg,122.4,0.4815,0.5071,0.6,0.24,4,3,False,False
98,frame_0332.jpg,132.8,0.4803,0.5845,0.6,0.04,4,3,False,False
99,frame_0304.jpg,121.6,0.4797,0.4714,0.6,0.32,6,3,False,False
100,frame_0183.jpg,73.2,0.4777,0.5793,0.6,0.04,3,3,False,False
101,frame_0070.jpg,28.0,0.4761,0.3122,0.4,1.0,5,2,False,False
102,frame_0007.jpg,2.8,0.4732,0.3064,0.4,1.0,5,2,False,False
103,frame_0313.jpg,125.2,0.4713,0.9266,0.0,0.04,1,0,False,False
104,frame_0106.jpg,42.4,0.4707,0.5653,0.6,0.04,3,3,False,False
105,frame_0004.jpg,1.6,0.4682,0.2965,0.4,1.0,5,2,False,False
106,frame_0108.jpg,43.2,0.4677,0.5594,0.6,0.04,3,3,False,False
107,frame_0011.jpg,4.4,0.4653,0.4107,0.2,1.0,3,1,False,False
108,frame_0091.jpg,36.4,0.4646,0.6812,0.2,0.32,1,1,False,False
109,frame_0224.jpg,89.6,0.4642,0.6403,0.4,0.12,3,2,False,False
110,frame_0379.jpg,151.6,0.4626,0.4291,0.8,0.04,8,4,False,False
111,frame_0109.jpg,43.6,0.4592,0.6464,0.4,0.08,3,2,False,False
112,frame_0031.jpg,12.4,0.4578,0.2755,0.4,1.0,4,2,False,False
113,frame_0275.jpg,110.0,0.4558,0.3517,0.8,0.2,6,4,False,False
114,frame_0232.jpg,92.8,0.4538,0.4677,0.6,0.2,4,3,False,False
115,frame_0391.jpg,156.4,0.4521,0.4082,0.8,0.04,6,4,False,False
116,frame_0123.jpg,49.2,0.4519,0.4078,0.4,0.64,4,2,False,False
117,frame_0010.jpg,4.0,0.449,0.378,0.2,1.0,2,1,False,False
118,frame_0020.jpg,8.0,0.4441,0.3682,0.2,1.0,3,1,False,False
119,frame_0068.jpg,27.2,0.4405,0.3609,0.2,1.0,4,1,False,False
120,frame_0399.jpg,159.6,0.4397,0.4074,0.6,0.28,6,3,False,False
121,frame_0105.jpg,42.0,0.436,0.48,0.6,0.08,4,3,False,False
122,frame_0112.jpg,44.8,0.4334,0.5467,0.4,0.2,3,2,False,False
123,frame_0172.jpg,68.8,0.4329,0.4657,0.4,0.4,3,2,False,False
124,frame_0372.jpg,148.8,0.4328,0.4576,0.6,0.12,5,3,False,False
125,frame_0080.jpg,32.0,0.4308,0.4375,0.2,0.76,2,1,False,False
126,frame_0121.jpg,48.4,0.4305,0.397,0.4,0.56,3,2,False,False
127,frame_0190.jpg,76.0,0.4269,0.5659,0.4,0.12,2,2,False,False
128,frame_0184.jpg,73.6,0.4264,0.4607,0.6,0.08,4,3,False,False
129,frame_0333.jpg,133.2,0.4245,0.4571,0.6,0.08,4,3,False,False
130,frame_0188.jpg,75.2,0.4241,0.4722,0.6,0.04,6,3,False,False
131,frame_0111.jpg,44.4,0.4223,0.4205,0.6,0.16,4,3,False,False
132,frame_0315.jpg,126.0,0.4209,0.4338,0.6,0.12,5,3,False,False
133,frame_0230.jpg,92.0,0.4203,0.4325,0.6,0.12,4,3,False,False
134,frame_0081.jpg,32.4,0.4192,0.4303,0.2,0.72,2,1,False,False
135,frame_0131.jpg,52.4,0.4143,0.3246,0.2,0.96,2,1,False,False
136,frame_0117.jpg,46.8,0.4121,0.4242,0.4,0.4,3,2,False,False
137,frame_0383.jpg,153.2,0.4119,0.4158,0.6,0.12,6,3,False,False
138,frame_0394.jpg,157.6,0.4118,0.4316,0.6,0.08,3,3,False,False
139,frame_0090.jpg,36.0,0.4087,0.4333,0.4,0.36,3,2,False,False
140,frame_0126.jpg,50.4,0.4051,0.3861,0.2,0.76,4,1,False,False
141,frame_0330.jpg,132.0,0.4047,0.4333,0.6,0.04,7,3,False,False
142,frame_0367.jpg,146.8,0.4016,0.4112,0.6,0.08,7,3,False,False
143,frame_0133.jpg,53.2,0.4003,0.2807,0.2,1.0,2,1,False,False
144,frame_0103.jpg,41.2,0.399,0.4939,0.4,0.16,3,2,False,False
145,frame_0185.jpg,74.0,0.3972,0.4023,0.6,0.08,3,3,False,False
146,frame_0279.jpg,111.6,0.3907,0.5175,0.2,0.36,5,1,False,False
147,frame_0084.jpg,33.6,0.3877,0.4155,0.2,0.6,2,1,False,False
148,frame_0208.jpg,83.2,0.3846,0.3452,0.2,0.76,1,1,False,False
149,frame_0296.jpg,118.4,0.3836,0.2711,0.4,0.64,5,2,False,False
150,frame_0298.jpg,119.2,0.3828,0.3016,0.4,0.56,5,2,False,False
151,frame_0027.jpg,10.8,0.3823,0.2446,0.2,1.0,2,1,False,False
152,frame_0118.jpg,47.2,0.3816,0.5871,0.0,0.44,2,0,False,False
153,frame_0297.jpg,118.8,0.3806,0.2813,0.4,0.6,4,2,False,False
154,frame_0382.jpg,152.8,0.3798,0.3675,0.6,0.08,5,3,False,False
155,frame_0319.jpg,127.6,0.3751,0.3982,0.4,0.28,6,2,False,False
156,frame_0316.jpg,126.4,0.3739,0.3237,0.6,0.16,4,3,False,False
157,frame_0079.jpg,31.6,0.3719,0.3038,0.2,0.8,4,1,False,False
158,frame_0272.jpg,108.8,0.3717,0.4713,0.4,0.08,4,2,False,False
159,frame_0209.jpg,83.6,0.3711,0.3343,0.2,0.72,2,1,False,False
160,frame_0226.jpg,90.4,0.371,0.486,0.4,0.04,3,2,False,False
161,frame_0381.jpg,152.4,0.37,0.3639,0.6,0.04,6,3,False,False
162,frame_0176.jpg,70.4,0.3687,0.4015,0.4,0.24,4,2,False,False
163,frame_0104.jpg,41.6,0.3675,0.4469,0.4,0.12,3,2,False,False
164,frame_0113.jpg,45.2,0.3648,0.3936,0.4,0.24,4,2,False,False
165,frame_0203.jpg,81.2,0.363,0.35,0.2,0.64,1,1,False,False
166,frame_0181.jpg,72.4,0.3607,0.3453,0.6,0.04,4,3,False,False
167,frame_0370.jpg,148.0,0.3598,0.4635,0.4,0.04,5,2,False,False
168,frame_0196.jpg,78.4,0.3587,0.4534,0.2,0.36,1,1,False,False
169,frame_0115.jpg,46.0,0.3579,0.3478,0.4,0.32,4,2,False,False
170,frame_0194.jpg,77.6,0.3539,0.3558,0.4,0.28,3,2,False,False
171,frame_0171.jpg,68.4,0.3535,0.291,0.4,0.44,4,2,False,False
172,frame_0189.jpg,75.6,0.3533,0.4347,0.4,0.08,3,2,False,False
173,frame_0096.jpg,38.4,0.3487,0.4094,0.4,0.12,5,2,False,False
174,frame_0269.jpg,107.6,0.3475,0.4389,0.4,0.04,4,2,False,False
175,frame_0023.jpg,9.2,0.3472,0.2944,0.0,1.0,1,0,False,False
176,frame_0098.jpg,39.2,0.3427,0.4294,0.4,0.04,4,2,False,False
177,frame_0301.jpg,120.4,0.3413,0.2667,0.4,0.44,4,2,False,False
178,frame_0328.jpg,131.2,0.3411,0.2902,0.6,0.08,6,3,False,False
179,frame_0318.jpg,127.2,0.3387,0.3414,0.4,0.24,6,2,False,False
180,frame_0191.jpg,76.4,0.3378,0.3717,0.4,0.16,3,2,False,False
181,frame_0088.jpg,35.2,0.3375,0.379,0.2,0.44,2,1,False,False
182,frame_0271.jpg,108.4,0.3342,0.4123,0.4,0.04,3,2,False,False
183,frame_0116.jpg,46.4,0.3334,0.2828,0.4,0.36,5,2,False,False
184,frame_0178.jpg,71.2,0.3331,0.4822,0.2,0.16,2,1,False,False
185,frame_0089.jpg,35.6,0.3314,0.2628,0.4,0.4,4,2,False,False
186,frame_0095.jpg,38.0,0.3293,0.3546,0.4,0.16,4,2,False,False
187,frame_0024.jpg,9.6,0.3291,0.2582,0.0,1.0,1,0,False,False
188,frame_0317.jpg,126.8,0.3244,0.3288,0.4,0.2,6,2,False,False
189,frame_0093.jpg,37.2,0.3235,0.4311,0.2,0.24,2,1,False,False
190,frame_0320.jpg,128.0,0.3216,0.4272,0.2,0.24,6,1,False,False
191,frame_0225.jpg,90.0,0.3116,0.4713,0.2,0.08,4,1,False,False
192,frame_0215.jpg,86.0,0.3102,0.3084,0.2,0.48,2,1,False,False
193,frame_0025.jpg,10.0,0.3068,0.2136,0.0,1.0,1,0,False,False
194,frame_0231.jpg,92.4,0.3053,0.3066,0.4,0.16,5,2,False,False
195,frame_0019.jpg,7.6,0.3029,0.2058,0.0,1.0,1,0,False,False
196,frame_0216.jpg,86.4,0.3029,0.3099,0.2,0.44,2,1,False,False
197,frame_0210.jpg,84.0,0.3027,0.2134,0.2,0.68,3,1,False,False
198,frame_0094.jpg,37.6,0.301,0.282,0.4,0.2,3,2,False,False
199,frame_0026.jpg,10.4,0.2984,0.1967,0.0,1.0,2,0,False,False
200,frame_0314.jpg,125.6,0.2984,0.4449,0.2,0.08,2,1,False,False
201,frame_0218.jpg,87.2,0.295,0.326,0.2,0.36,1,1,False,False
202,frame_0327.jpg,130.8,0.2945,0.333,0.4,0.04,5,2,False,False
203,frame_0120.jpg,48.0,0.2944,0.2608,0.2,0.52,3,1,False,False
204,frame_0021.jpg,8.4,0.29,0.18,0.0,1.0,1,0,False,False
205,frame_0329.jpg,131.6,0.2838,0.2956,0.4,0.08,7,2,False,False
206,frame_0378.jpg,151.2,0.2787,0.4054,0.2,0.08,6,1,False,False
207,frame_0013.jpg,5.2,0.2786,0.1571,0.0,1.0,3,0,False,False
208,frame_0229.jpg,91.6,0.2734,0.2748,0.4,0.08,4,2,False,False
209,frame_0028.jpg,11.2,0.2732,0.1465,0.0,1.0,3,0,False,False
210,frame_0114.jpg,45.6,0.265,0.298,0.2,0.28,3,1,False,False
211,frame_0322.jpg,128.8,0.2643,0.2246,0.4,0.16,5,2,False,False
212,frame_0102.jpg,40.8,0.2619,0.3558,0.2,0.12,2,1,False,False
213,frame_0311.jpg,124.4,0.2619,0.2678,0.4,0.04,4,2,False,False
214,frame_0177.jpg,70.8,0.2601,0.3202,0.2,0.2,2,1,False,False
215,frame_0373.jpg,149.2,0.2598,0.3355,0.2,0.16,5,1,False,False
216,frame_0022.jpg,8.8,0.2556,0.1112,0.0,1.0,1,0,False,False
217,frame_0283.jpg,113.2,0.254,0.3,0.0,0.52,5,0,False,False
218,frame_0308.jpg,123.2,0.2526,0.3212,0.2,0.16,3,1,False,False
219,frame_0393.jpg,157.2,0.2519,0.3677,0.2,0.04,3,1,False,False
220,frame_0307.jpg,122.8,0.2485,0.2969,0.2,0.2,4,1,False,False
221,frame_0305.jpg,122.0,0.2469,0.2617,0.2,0.28,4,1,False,False
222,frame_0180.jpg,72.0,0.2449,0.3377,0.2,0.08,3,1,False,False
223,frame_0186.jpg,74.4,0.2446,0.3532,0.2,0.04,5,1,False,False
224,frame_0223.jpg,89.2,0.2413,0.2986,0.2,0.16,3,1,False,False
225,frame_0193.jpg,77.2,0.2395,0.2631,0.2,0.24,3,1,False,False
226,frame_0202.jpg,80.8,0.237,0.2341,0.0,0.6,2,0,False,False
227,frame_0268.jpg,107.2,0.2358,0.3195,0.2,0.08,3,1,False,False
228,frame_0201.jpg,80.4,0.2338,0.2436,0.0,0.56,1,0,False,False
229,frame_0101.jpg,40.4,0.231,0.31,0.2,0.08,2,1,False,False
230,frame_0395.jpg,158.0,0.2287,0.2894,0.2,0.12,5,1,False,False
231,frame_0200.jpg,80.0,0.2243,0.2406,0.0,0.52,1,0,False,False
232,frame_0207.jpg,82.8,0.2206,0.1212,0.0,0.8,1,0,False,False
233,frame_0211.jpg,84.4,0.2201,0.1842,0.0,0.64,2,0,False,False
234,frame_0309.jpg,123.6,0.2188,0.2696,0.2,0.12,5,1,False,False
235,frame_0321.jpg,128.4,0.2188,0.2376,0.2,0.2,6,1,False,False
236,frame_0179.jpg,71.6,0.214,0.2601,0.2,0.12,3,1,False,False
237,frame_0083.jpg,33.2,0.2132,0.1705,0.0,0.64,3,0,False,False
238,frame_0324.jpg,129.6,0.2122,0.2723,0.2,0.08,4,1,False,False
239,frame_0310.jpg,124.0,0.2109,0.2698,0.2,0.08,4,1,False,False
240,frame_0214.jpg,85.6,0.2068,0.2056,0.0,0.52,1,0,False,False
241,frame_0273.jpg,109.2,0.2063,0.2446,0.2,0.12,3,1,False,False
242,frame_0267.jpg,106.8,0.206,0.2441,0.2,0.12,4,1,False,False
243,frame_0325.jpg,130.0,0.2043,0.2726,0.2,0.04,3,1,False,False
244,frame_0205.jpg,82.0,0.1991,0.1102,0.0,0.72,1,0,False,False
245,frame_0192.jpg,76.8,0.1742,0.2684,0.0,0.2,2,0,False,False
246,frame_0212.jpg,84.8,0.1727,0.1054,0.0,0.6,1,0,False,False
247,frame_0195.jpg,78.0,0.1621,0.1962,0.0,0.32,2,0,False,False
248,frame_0217.jpg,86.8,0.1536,0.1472,0.0,0.4,1,0,False,False
249,frame_0198.jpg,79.2,0.1481,0.1202,0.0,0.44,1,0,False,False
250,frame_0274.jpg,109.6,0.138,0.212,0.0,0.16,5,0,False,False
251,frame_0220.jpg,88.0,0.13,0.148,0.0,0.28,1,0,False,False
252,frame_0219.jpg,87.6,0.1243,0.1206,0.0,0.32,1,0,False,False
253,frame_0221.jpg,88.4,0.1212,0.1463,0.0,0.24,2,0,False,False
254,frame_0228.jpg,91.2,0.1177,0.2195,0.0,0.04,2,0,False,False
255,frame_0100.jpg,40.0,0.1116,0.2071,0.0,0.04,3,0,False,False
256,frame_0110.jpg,44.0,0.0988,0.1496,0.0,0.12,2,0,False,False
